estacao_id,nome_da_estacao,sistema,subsistema,operador,linha,fase,etapa,status,servico_expresso,latitude,longitude,origem_aba,cidade,distrito
cerro_cora,Cerro Corá,Sistema Metropolitano,Em andamento - Subsistema primário,Em andamento - Subsistema primário,Linha 02 - Verde,Extensão até Cerro Corá,,em construção,Não,-23.54077010325403,-46.70100314621774,dados,São Paulo,kml_45
orfanato,Orfanato,Sistema Metropolitano,Em andamento - Subsistema primário,Em andamento - Subsistema primário,Linha 02 - Verde,Extensão até Penha,,em construção,Não,-23.57840410829186,-46.57597868273462,dados,São Paulo,kml_6
agua_rasa,Água Rasa,Sistema Metropolitano,Em andamento - Subsistema primário,Em andamento - Subsistema primário,Linha 02 - Verde,Extensão até Penha,,em construção,Não,-23.57382057513514,-46.56661733612687,dados,São Paulo,kml_71
analia_franco,Anália Franco,Sistema Metropolitano,Em andamento - Subsistema primário,Em andamento - Subsistema primário,Linha 02 - Verde,Extensão até Penha,,em construção,Não,-23.56371217031051,-46.56008322386226,dados,São Paulo,kml_33
vila_formosa,Vila Formosa,Sistema Metropolitano,Em andamento - Subsistema primário,Em andamento - Subsistema primário,Linha 02 - Verde,Extensão até Penha,,em construção,Não,-23.5623766,-46.5511663,dados,São Paulo,kml_33
guilherme_giorgi,Guilherme Giorgi,Sistema Metropolitano,Em andamento - Subsistema primário,Em andamento - Subsistema primário,Linha 02 - Verde,Extensão até Penha,,em construção,Não,-23.5549363,-46.5454051,dados,São Paulo,kml_76
nova_manchester,Nova Manchester,Sistema Metropolitano,Em andamento - Subsistema primário,Em andamento - Subsistema primário,Linha 02 - Verde,Extensão até Penha,,em construção,Não,-23.5474153,-46.54157530000001,dados,São Paulo,kml_76
aricanduva,Aricanduva,Sistema Metropolitano,Em andamento - Subsistema primário,Em andamento - Subsistema primário,Linha 02 - Verde,Extensão até Penha,,em construção,Não,-23.5399587,-46.54089010000001,dados,São Paulo,kml_80
penha,Penha,Sistema Metropolitano,Em andamento - Subsistema primário,Em andamento - Subsistema primário,Linha 02 - Verde,Extensão até Penha,,em construção,Não,-23.5334963,-46.5426159,dados,São Paulo,kml_80
penha_de_franca,Penha de França,Sistema Metropolitano,Em andamento - Subsistema primário,Em andamento - Subsistema primário,Linha 02 - Verde,Extensão até Guarulhos,,em construção,Não,-23.5226603,-46.5463283,dados,São Paulo,kml_34
gabriela_mistral,Gabriela Mistral,Sistema Metropolitano,Em andamento - Subsistema primário,Em andamento - Subsistema primário,Linha 02 - Verde,Extensão até Guarulhos,,em construção,Não,-23.51778852054716,-46.55101337370449,dados,São Paulo,kml_34
fernao_dias,Fernão Dias,Sistema Metropolitano,Em andamento - Subsistema primário,Em andamento - Subsistema primário,Linha 02 - Verde,Extensão até Guarulhos,,em construção,Não,-23.51021874719306,-46.55718390023073,dados,São Paulo,kml_10
ponte_grande,Ponte Grande,Sistema Metropolitano,Em andamento - Subsistema primário,Em andamento - Subsistema primário,Linha 02 - Verde,Extensão até Guarulhos,,em construção,Não,-23.49842365813057,-46.55100351896091,dados,São Paulo,
dutra,Dutra,Sistema Metropolitano,Em andamento - Subsistema primário,Em andamento - Subsistema primário,Linha 02 - Verde,Extensão até Guarulhos,,em construção,Não,-23.48790543012961,-46.5464085218069,dados,São Paulo,
brasilandia,Brasilândia,Sistema Metropolitano,Em andamento - Subsistema secundário,Em andamento - Subsistema secundário,Linha 06 - Laranja,,,em construção,Não,-23.46995454197407,-46.69775970689802,dados,São Paulo,kml_61
vila_cardoso,Vila Cardoso,Sistema Metropolitano,Em andamento - Subsistema secundário,Em andamento - Subsistema secundário,Linha 06 - Laranja,,,em construção,Não,-23.4760566,-46.6988149,dados,São Paulo,kml_61
itaberaba,Itaberaba,Sistema Metropolitano,Em andamento - Subsistema secundário,Em andamento - Subsistema secundário,Linha 06 - Laranja,,,em construção,Não,-23.4852853576051,-46.69360619871413,dados,São Paulo,kml_61
joao_paulo_i,João Paulo I,Sistema Metropolitano,Em andamento - Subsistema secundário,Em andamento - Subsistema secundário,Linha 06 - Laranja,,,em construção,Não,-23.4934737,-46.69139049999999,dados,São Paulo,kml_61
freguesa_do_o,Freguesa do Ó,Sistema Metropolitano,Em andamento - Subsistema secundário,Em andamento - Subsistema secundário,Linha 06 - Laranja,,,em construção,Não,-23.5021321,-46.6939226,dados,São Paulo,kml_61
santa_marina,Santa Marina,Sistema Metropolitano,Em andamento - Subsistema secundário,Em andamento - Subsistema secundário,Linha 06 - Laranja,,,em construção,Não,-23.51453267905976,-46.69138323494762,dados,São Paulo,kml_77
agua_branca,Água Branca,Sistema Metropolitano,Em andamento - Subsistema secundário,Em andamento - Subsistema secundário,Linha 06 - Laranja,,,em construção,Não,-23.52196168887671,-46.68728221517806,dados,São Paulo,kml_77
pompeia,Pompeia,Sistema Metropolitano,Em andamento - Subsistema secundário,Em andamento - Subsistema secundário,Linha 06 - Laranja,,,em construção,Não,-23.52731965222186,-46.68331377781241,dados,São Paulo,kml_83
perdizes,Perdizes,Sistema Metropolitano,Em andamento - Subsistema secundário,Em andamento - Subsistema secundário,Linha 06 - Laranja,,,em construção,Não,-23.5320406,-46.6769364,dados,São Paulo,kml_83
cardoso_de_almeida,Cardoso de Almeida,Sistema Metropolitano,Em andamento - Subsistema secundário,Em andamento - Subsistema secundário,Linha 06 - Laranja,,,em construção,Não,-23.5389457,-46.668761,dados,São Paulo,kml_83
angelica,Angélica,Sistema Metropolitano,Em andamento - Subsistema secundário,Em andamento - Subsistema secundário,Linha 06 - Laranja,,,em construção,Não,-23.54676308676027,-46.6611664805936,dados,São Paulo,kml_84
higienopolis,Higienópolis,Sistema Metropolitano,Em andamento - Subsistema secundário,Em andamento - Subsistema secundário,Linha 06 - Laranja,,,em construção,Não,-23.55088411500879,-46.6541875879087,dados,São Paulo,kml_84
14_bis,14 Bis,Sistema Metropolitano,Em andamento - Subsistema secundário,Em andamento - Subsistema secundário,Linha 06 - Laranja,,,em construção,Não,-23.55582423373882,-46.64946699594982,dados,São Paulo,kml_60
bela_vista,Bela Vista,Sistema Metropolitano,Em andamento - Subsistema secundário,Em andamento - Subsistema secundário,Linha 06 - Laranja,,,em construção,Não,-23.56165226858497,-46.64461401749856,dados,São Paulo,kml_60
sao_joaquim,São Joaquim,Sistema Metropolitano,Em andamento - Subsistema secundário,Em andamento - Subsistema secundário,Linha 06 - Laranja,,,em construção,Não,-23.56263868786163,-46.63910414858864,dados,São Paulo,kml_5
pires_da_mota,Pires da Mota,Sistema Metropolitano,Em andamento - Subsistema secundário,Em andamento - Subsistema secundário,Linha 06 - Laranja,,,em construção,Não,-23.56501324947519,-46.63180009194504,dados,São Paulo,kml_5
cambuci,Cambuci,Sistema Metropolitano,Em andamento - Subsistema secundário,Em andamento - Subsistema secundário,Linha 06 - Laranja,,,em construção,Não,-23.56409702627586,-46.62091559350338,dados,São Paulo,kml_9
sao_carlos,São Carlos ● ◆,Sistema Metropolitano,Em andamento - Subsistema secundário,Em andamento - Subsistema secundário,Linha 06 - Laranja,Extensão Sudeste,,em construção,Sim,-23.56860352242343,-46.60473974292809,dados,São Paulo,kml_41
vila_monumento,Vila Monumento,Sistema Metropolitano,Em andamento - Subsistema secundário,Em andamento - Subsistema secundário,Linha 06 - Laranja,Extensão Sudeste,,em construção,Não,-23.56735228215866,-46.61285217828991,dados,São Paulo,kml_9
chacara_do_joquei,Chacara do Joquei,Sistema Metropolitano,Em andamento - Subsistema secundário,Em andamento - Subsistema secundário,Linha 04 - Amarela,Extensão Sudoeste,,em construção,Não,-23.60150535387402,-46.74380965147809,dados,São Paulo,kml_14
taboao,Taboão,Sistema Metropolitano,Em andamento - Subsistema secundário,Em andamento - Subsistema secundário,Linha 04 - Amarela,Extensão Sudoeste,,em construção,Não,-23.6075354764747,-46.76058617820318,dados,São Paulo,
boa_esperanca,Boa Esperança,Sistema Metropolitano,Em andamento -  Sistema leve,Em andamento -  Sistema leve,Linha 15 - Prata,Extensão Leste,,em construção,Não,-23.59693503918332,-46.45655813298834,dados,São Paulo,kml_16
jacu_pessego,Jacú Pêssego,Sistema Metropolitano,Em andamento -  Sistema leve,Em andamento -  Sistema leve,Linha 15 - Prata,Extensão Leste,,em construção,Não,-23.5946668,-46.4447828,dados,São Paulo,kml_16
erico_semer,Érico Semer,Sistema Metropolitano,Em andamento -  Sistema leve,Em andamento -  Sistema leve,Linha 15 - Prata,Extensão Leste,,em construção,Não,-23.5942047,-46.4237328,dados,São Paulo,kml_16
jardim_pedra_branca,Jardim Pedra Branca,Sistema Metropolitano,Em andamento -  Sistema leve,Em andamento -  Sistema leve,Linha 15 - Prata,Extensão Leste,,em construção,Não,-23.5819846,-46.41526710000001,dados,São Paulo,kml_2
cidade_tiradentes,Cidade Tiradentes,Sistema Metropolitano,Em andamento -  Sistema leve,Em andamento -  Sistema leve,Linha 15 - Prata,Extensão Leste,,em construção,Não,-23.5829875,-46.40942519999999,dados,São Paulo,kml_2
hospital_cidade_tiradentes,Hospital Cidade Tiradentes,Sistema Metropolitano,Em andamento -  Sistema leve,Em andamento -  Sistema leve,Linha 15 - Prata,Extensão Leste,,em construção,Não,-23.59907465539806,-46.40211327503182,dados,São Paulo,kml_2
ipiranga,Ipiranga,Sistema Metropolitano,Em andamento -  Sistema leve,Em andamento -  Sistema leve,Linha 15 - Prata,Extensão Oeste,,em construção,Não,-23.58275547295142,-46.59676505581938,dados,São Paulo,kml_41
aeroporto_de_congonhas,Aeroporto de Congonhas,Sistema Metropolitano,Em andamento -  Sistema leve,Em andamento -  Sistema leve,Linha 17 - Ouro,,,em construção,Não,-23.62646267481276,-46.66138731630784,dados,São Paulo,kml_85
morumbi,Morumbi,Sistema Metropolitano,Em andamento -  Sistema leve,Em andamento -  Sistema leve,Linha 17 - Ouro,,,em construção,Não,-23.62254366744638,-46.70266473563835,dados,São Paulo,kml_74
chucri_zaidan,Chucri Zaidan,Sistema Metropolitano,Em andamento -  Sistema leve,Em andamento -  Sistema leve,Linha 17 - Ouro,,,em construção,Não,-23.6139713906409,-46.69554188112313,dados,São Paulo,kml_57
vila_cordeiro,Vila Cordeiro,Sistema Metropolitano,Em andamento -  Sistema leve,Em andamento -  Sistema leve,Linha 17 - Ouro,,,em construção,Não,-23.6157537,-46.6883471,dados,São Paulo,kml_57
campo_belo,Campo Belo,Sistema Metropolitano,Em andamento -  Sistema leve,Em andamento -  Sistema leve,Linha 17 - Ouro,,,em construção,Não,-23.6191746,-46.6826179,dados,São Paulo,kml_57
vereador_jose_diniz,Vereador José Diniz,Sistema Metropolitano,Em andamento -  Sistema leve,Em andamento -  Sistema leve,Linha 17 - Ouro,,,em construção,Não,-23.6219073,-46.6791632,dados,São Paulo,kml_85
brooklin_paulista,Brooklin Paulista,Sistema Metropolitano,Em andamento -  Sistema leve,Em andamento -  Sistema leve,Linha 17 - Ouro,,,em construção,Não,-23.6291222,-46.67403479999999,dados,São Paulo,kml_85
jardim_aeroporto,Jardim Aeroporto,Sistema Metropolitano,Em andamento -  Sistema leve,Em andamento -  Sistema leve,Linha 17 - Ouro,,,em construção,Não,-23.63440255303385,-46.66838878876294,dados,São Paulo,kml_85
panamby,Panamby,Sistema Metropolitano,Em andamento -  Sistema leve,Em andamento -  Sistema leve,Linha 17 - Ouro,,,em construção,Não,-23.62657152282608,-46.71459058866652,dados,São Paulo,kml_38
paraisopolis,Paraisópolis,Sistema Metropolitano,Em andamento -  Sistema leve,Em andamento -  Sistema leve,Linha 17 - Ouro,,,em construção,Não,-23.61946887895894,-46.7231924988971,dados,São Paulo,kml_38
americo_mourano,Américo Mourano,Sistema Metropolitano,Em andamento -  Sistema leve,Em andamento -  Sistema leve,Linha 17 - Ouro,,,em construção,Não,-23.6124458,-46.7211264,dados,São Paulo,kml_38
cicero_pompeu_de_toledo,Cicero Pompeu de Toledo,Sistema Metropolitano,Em andamento -  Sistema leve,Em andamento -  Sistema leve,Linha 17 - Ouro,,,em construção,Não,-23.59666628810511,-46.72000378910371,dados,São Paulo,kml_24
caxingui,Caxingui,Sistema Metropolitano,Em andamento -  Sistema leve,Em andamento -  Sistema leve,Linha 17 - Ouro,,,em construção,Não,-23.5865168,-46.7244221,dados,São Paulo,kml_27
vila_paulista,Vila Paulista,Sistema Metropolitano,Em andamento -  Sistema leve,Em andamento -  Sistema leve,Linha 17 - Ouro,,,em construção,Não,-23.638274363088,-46.66221255635915,dados,São Paulo,kml_86
vila_babilonia,Vila Babilonia,Sistema Metropolitano,Em andamento -  Sistema leve,Em andamento -  Sistema leve,Linha 17 - Ouro,,,em construção,Não,-23.6436639,-46.65756880000001,dados,São Paulo,kml_86
cidade_leonor,Cidade Leonor,Sistema Metropolitano,Em andamento -  Sistema leve,Em andamento -  Sistema leve,Linha 17 - Ouro,,,em construção,Não,-23.6501280049329,-46.65186599286718,dados,São Paulo,kml_86
hospital_saboya,Hospital Saboya,Sistema Metropolitano,Em andamento -  Sistema leve,Em andamento -  Sistema leve,Linha 17 - Ouro,,,em construção,Não,-23.65348383986883,-46.64478530271541,dados,São Paulo,kml_86
jabaquara,Jabaquara,Sistema Metropolitano,Em andamento -  Sistema leve,Em andamento -  Sistema leve,Linha 17 - Ouro,,,em construção,Não,-23.64762845904022,-46.64082051392378,dados,São Paulo,kml_86
cerro_cora,Cerro Corá,Sistema Metropolitano,Em andamento - Subsistema primário,Em andamento - Subsistema primário,Linha 02 - Verde,Extensão até Cerro Corá,,em construção,Não,-23.54077010325403,-46.70100314621774,metropolitano,São Paulo,kml_45
orfanato,Orfanato,Sistema Metropolitano,Em andamento - Subsistema primário,Em andamento - Subsistema primário,Linha 02 - Verde,Extensão até Penha,,em construção,Não,-23.57840410829186,-46.57597868273462,metropolitano,São Paulo,kml_6
agua_rasa,Água Rasa,Sistema Metropolitano,Em andamento - Subsistema primário,Em andamento - Subsistema primário,Linha 02 - Verde,Extensão até Penha,,em construção,Não,-23.57382057513514,-46.56661733612687,metropolitano,São Paulo,kml_71
analia_franco,Anália Franco,Sistema Metropolitano,Em andamento - Subsistema primário,Em andamento - Subsistema primário,Linha 02 - Verde,Extensão até Penha,,em construção,Não,-23.56371217031051,-46.56008322386226,metropolitano,São Paulo,kml_33
vila_formosa,Vila Formosa,Sistema Metropolitano,Em andamento - Subsistema primário,Em andamento - Subsistema primário,Linha 02 - Verde,Extensão até Penha,,em construção,Não,-23.5623766,-46.5511663,metropolitano,São Paulo,kml_33
guilherme_giorgi,Guilherme Giorgi,Sistema Metropolitano,Em andamento - Subsistema primário,Em andamento - Subsistema primário,Linha 02 - Verde,Extensão até Penha,,em construção,Não,-23.5549363,-46.5454051,metropolitano,São Paulo,kml_76
nova_manchester,Nova Manchester,Sistema Metropolitano,Em andamento - Subsistema primário,Em andamento - Subsistema primário,Linha 02 - Verde,Extensão até Penha,,em construção,Não,-23.5474153,-46.54157530000001,metropolitano,São Paulo,kml_76
aricanduva,Aricanduva,Sistema Metropolitano,Em andamento - Subsistema primário,Em andamento - Subsistema primário,Linha 02 - Verde,Extensão até Penha,,em construção,Não,-23.5399587,-46.54089010000001,metropolitano,São Paulo,kml_80
penha,Penha,Sistema Metropolitano,Em andamento - Subsistema primário,Em andamento - Subsistema primário,Linha 02 - Verde,Extensão até Penha,,em construção,Não,-23.5334963,-46.5426159,metropolitano,São Paulo,kml_80
penha_de_franca,Penha de França,Sistema Metropolitano,Em andamento - Subsistema primário,Em andamento - Subsistema primário,Linha 02 - Verde,Extensão até Guarulhos,,em construção,Não,-23.5226603,-46.5463283,metropolitano,São Paulo,kml_34
gabriela_mistral,Gabriela Mistral,Sistema Metropolitano,Em andamento - Subsistema primário,Em andamento - Subsistema primário,Linha 02 - Verde,Extensão até Guarulhos,,em construção,Não,-23.51778852054716,-46.55101337370449,metropolitano,São Paulo,kml_34
fernao_dias,Fernão Dias,Sistema Metropolitano,Em andamento - Subsistema primário,Em andamento - Subsistema primário,Linha 02 - Verde,Extensão até Guarulhos,,em construção,Não,-23.51021874719306,-46.55718390023073,metropolitano,São Paulo,kml_10
ponte_grande,Ponte Grande,Sistema Metropolitano,Em andamento - Subsistema primário,Em andamento - Subsistema primário,Linha 02 - Verde,Extensão até Guarulhos,,em construção,Não,-23.49842365813057,-46.55100351896091,metropolitano,São Paulo,
dutra,Dutra,Sistema Metropolitano,Em andamento - Subsistema primário,Em andamento - Subsistema primário,Linha 02 - Verde,Extensão até Guarulhos,,em construção,Não,-23.48790543012961,-46.5464085218069,metropolitano,São Paulo,
brasilandia,Brasilândia,Sistema Metropolitano,Em andamento - Subsistema secundário,Em andamento - Subsistema secundário,Linha 06 - Laranja,,,em construção,Não,-23.46995454197407,-46.69775970689802,metropolitano,São Paulo,kml_61
vila_cardoso,Vila Cardoso,Sistema Metropolitano,Em andamento - Subsistema secundário,Em andamento - Subsistema secundário,Linha 06 - Laranja,,,em construção,Não,-23.4760566,-46.6988149,metropolitano,São Paulo,kml_61
itaberaba,Itaberaba,Sistema Metropolitano,Em andamento - Subsistema secundário,Em andamento - Subsistema secundário,Linha 06 - Laranja,,,em construção,Não,-23.4852853576051,-46.69360619871413,metropolitano,São Paulo,kml_61
joao_paulo_i,João Paulo I,Sistema Metropolitano,Em andamento - Subsistema secundário,Em andamento - Subsistema secundário,Linha 06 - Laranja,,,em construção,Não,-23.4934737,-46.69139049999999,metropolitano,São Paulo,kml_61
freguesa_do_o,Freguesa do Ó,Sistema Metropolitano,Em andamento - Subsistema secundário,Em andamento - Subsistema secundário,Linha 06 - Laranja,,,em construção,Não,-23.5021321,-46.6939226,metropolitano,São Paulo,kml_61
santa_marina,Santa Marina,Sistema Metropolitano,Em andamento - Subsistema secundário,Em andamento - Subsistema secundário,Linha 06 - Laranja,,,em construção,Não,-23.51453267905976,-46.69138323494762,metropolitano,São Paulo,kml_77
agua_branca,Água Branca,Sistema Metropolitano,Em andamento - Subsistema secundário,Em andamento - Subsistema secundário,Linha 06 - Laranja,,,em construção,Não,-23.52196168887671,-46.68728221517806,metropolitano,São Paulo,kml_77
pompeia,Pompeia,Sistema Metropolitano,Em andamento - Subsistema secundário,Em andamento - Subsistema secundário,Linha 06 - Laranja,,,em construção,Não,-23.52731965222186,-46.68331377781241,metropolitano,São Paulo,kml_83
perdizes,Perdizes,Sistema Metropolitano,Em andamento - Subsistema secundário,Em andamento - Subsistema secundário,Linha 06 - Laranja,,,em construção,Não,-23.5320406,-46.6769364,metropolitano,São Paulo,kml_83
cardoso_de_almeida,Cardoso de Almeida,Sistema Metropolitano,Em andamento - Subsistema secundário,Em andamento - Subsistema secundário,Linha 06 - Laranja,,,em construção,Não,-23.5389457,-46.668761,metropolitano,São Paulo,kml_83
angelica,Angélica,Sistema Metropolitano,Em andamento - Subsistema secundário,Em andamento - Subsistema secundário,Linha 06 - Laranja,,,em construção,Não,-23.54676308676027,-46.6611664805936,metropolitano,São Paulo,kml_84
higienopolis,Higienópolis,Sistema Metropolitano,Em andamento - Subsistema secundário,Em andamento - Subsistema secundário,Linha 06 - Laranja,,,em construção,Não,-23.55088411500879,-46.6541875879087,metropolitano,São Paulo,kml_84
14_bis,14 Bis,Sistema Metropolitano,Em andamento - Subsistema secundário,Em andamento - Subsistema secundário,Linha 06 - Laranja,,,em construção,Não,-23.55582423373882,-46.64946699594982,metropolitano,São Paulo,kml_60
bela_vista,Bela Vista,Sistema Metropolitano,Em andamento - Subsistema secundário,Em andamento - Subsistema secundário,Linha 06 - Laranja,,,em construção,Não,-23.56165226858497,-46.64461401749856,metropolitano,São Paulo,kml_60
sao_joaquim,São Joaquim,Sistema Metropolitano,Em andamento - Subsistema secundário,Em andamento - Subsistema secundário,Linha 06 - Laranja,,,em construção,Não,-23.56263868786163,-46.63910414858864,metropolitano,São Paulo,kml_5
pires_da_mota,Pires da Mota,Sistema Metropolitano,Em andamento - Subsistema secundário,Em andamento - Subsistema secundário,Linha 06 - Laranja,,,em construção,Não,-23.56501324947519,-46.63180009194504,metropolitano,São Paulo,kml_5
cambuci,Cambuci,Sistema Metropolitano,Em andamento - Subsistema secundário,Em andamento - Subsistema secundário,Linha 06 - Laranja,,,em construção,Não,-23.56409702627586,-46.62091559350338,metropolitano,São Paulo,kml_9
sao_carlos,São Carlos ● ◆,Sistema Metropolitano,Em andamento - Subsistema secundário,Em andamento - Subsistema secundário,Linha 06 - Laranja,Extensão Sudeste,,em construção,Sim,-23.56860352242343,-46.60473974292809,metropolitano,São Paulo,kml_41
vila_monumento,Vila Monumento,Sistema Metropolitano,Em andamento - Subsistema secundário,Em andamento - Subsistema secundário,Linha 06 - Laranja,Extensão Sudeste,,em construção,Não,-23.56735228215866,-46.61285217828991,metropolitano,São Paulo,kml_9
chacara_do_joquei,Chacara do Joquei,Sistema Metropolitano,Em andamento - Subsistema secundário,Em andamento - Subsistema secundário,Linha 04 - Amarela,Extensão Sudoeste,,em construção,Não,-23.60150535387402,-46.74380965147809,metropolitano,São Paulo,kml_14
taboao,Taboão,Sistema Metropolitano,Em andamento - Subsistema secundário,Em andamento - Subsistema secundário,Linha 04 - Amarela,Extensão Sudoeste,,em construção,Não,-23.6075354764747,-46.76058617820318,metropolitano,São Paulo,
boa_esperanca,Boa Esperança,Sistema Metropolitano,Em andamento -  Sistema leve,Em andamento -  Sistema leve,Linha 15 - Prata,Extensão Leste,,em construção,Não,-23.59693503918332,-46.45655813298834,metropolitano,São Paulo,kml_16
jacu_pessego,Jacú Pêssego,Sistema Metropolitano,Em andamento -  Sistema leve,Em andamento -  Sistema leve,Linha 15 - Prata,Extensão Leste,,em construção,Não,-23.5946668,-46.4447828,metropolitano,São Paulo,kml_16
erico_semer,Érico Semer,Sistema Metropolitano,Em andamento -  Sistema leve,Em andamento -  Sistema leve,Linha 15 - Prata,Extensão Leste,,em construção,Não,-23.5942047,-46.4237328,metropolitano,São Paulo,kml_16
jardim_pedra_branca,Jardim Pedra Branca,Sistema Metropolitano,Em andamento -  Sistema leve,Em andamento -  Sistema leve,Linha 15 - Prata,Extensão Leste,,em construção,Não,-23.5819846,-46.41526710000001,metropolitano,São Paulo,kml_2
cidade_tiradentes,Cidade Tiradentes,Sistema Metropolitano,Em andamento -  Sistema leve,Em andamento -  Sistema leve,Linha 15 - Prata,Extensão Leste,,em construção,Não,-23.5829875,-46.40942519999999,metropolitano,São Paulo,kml_2
hospital_cidade_tiradentes,Hospital Cidade Tiradentes,Sistema Metropolitano,Em andamento -  Sistema leve,Em andamento -  Sistema leve,Linha 15 - Prata,Extensão Leste,,em construção,Não,-23.59907465539806,-46.40211327503182,metropolitano,São Paulo,kml_2
ipiranga,Ipiranga,Sistema Metropolitano,Em andamento -  Sistema leve,Em andamento -  Sistema leve,Linha 15 - Prata,Extensão Oeste,,em construção,Não,-23.58275547295142,-46.59676505581938,metropolitano,São Paulo,kml_41
aeroporto_de_congonhas,Aeroporto de Congonhas,Sistema Metropolitano,Em andamento -  Sistema leve,Em andamento -  Sistema leve,Linha 17 - Ouro,,,em construção,Não,-23.62646267481276,-46.66138731630784,metropolitano,São Paulo,kml_85
morumbi,Morumbi,Sistema Metropolitano,Em andamento -  Sistema leve,Em andamento -  Sistema leve,Linha 17 - Ouro,,,em construção,Não,-23.62254366744638,-46.70266473563835,metropolitano,São Paulo,kml_74
chucri_zaidan,Chucri Zaidan,Sistema Metropolitano,Em andamento -  Sistema leve,Em andamento -  Sistema leve,Linha 17 - Ouro,,,em construção,Não,-23.6139713906409,-46.69554188112313,metropolitano,São Paulo,kml_57
vila_cordeiro,Vila Cordeiro,Sistema Metropolitano,Em andamento -  Sistema leve,Em andamento -  Sistema leve,Linha 17 - Ouro,,,em construção,Não,-23.6157537,-46.6883471,metropolitano,São Paulo,kml_57
campo_belo,Campo Belo,Sistema Metropolitano,Em andamento -  Sistema leve,Em andamento -  Sistema leve,Linha 17 - Ouro,,,em construção,Não,-23.6191746,-46.6826179,metropolitano,São Paulo,kml_57
vereador_jose_diniz,Vereador José Diniz,Sistema Metropolitano,Em andamento -  Sistema leve,Em andamento -  Sistema leve,Linha 17 - Ouro,,,em construção,Não,-23.6219073,-46.6791632,metropolitano,São Paulo,kml_85
brooklin_paulista,Brooklin Paulista,Sistema Metropolitano,Em andamento -  Sistema leve,Em andamento -  Sistema leve,Linha 17 - Ouro,,,em construção,Não,-23.6291222,-46.67403479999999,metropolitano,São Paulo,kml_85
jardim_aeroporto,Jardim Aeroporto,Sistema Metropolitano,Em andamento -  Sistema leve,Em andamento -  Sistema leve,Linha 17 - Ouro,,,em construção,Não,-23.63440255303385,-46.66838878876294,metropolitano,São Paulo,kml_85
panamby,Panamby,Sistema Metropolitano,Em andamento -  Sistema leve,Em andamento -  Sistema leve,Linha 17 - Ouro,,,em construção,Não,-23.62657152282608,-46.71459058866652,metropolitano,São Paulo,kml_38
paraisopolis,Paraisópolis,Sistema Metropolitano,Em andamento -  Sistema leve,Em andamento -  Sistema leve,Linha 17 - Ouro,,,em construção,Não,-23.61946887895894,-46.7231924988971,metropolitano,São Paulo,kml_38
americo_mourano,Américo Mourano,Sistema Metropolitano,Em andamento -  Sistema leve,Em andamento -  Sistema leve,Linha 17 - Ouro,,,em construção,Não,-23.6124458,-46.7211264,metropolitano,São Paulo,kml_38
cicero_pompeu_de_toledo,Cicero Pompeu de Toledo,Sistema Metropolitano,Em andamento -  Sistema leve,Em andamento -  Sistema leve,Linha 17 - Ouro,,,em construção,Não,-23.59666628810511,-46.72000378910371,metropolitano,São Paulo,kml_24
caxingui,Caxingui,Sistema Metropolitano,Em andamento -  Sistema leve,Em andamento -  Sistema leve,Linha 17 - Ouro,,,em construção,Não,-23.5865168,-46.7244221,metropolitano,São Paulo,kml_27
vila_paulista,Vila Paulista,Sistema Metropolitano,Em andamento -  Sistema leve,Em andamento -  Sistema leve,Linha 17 - Ouro,,,em construção,Não,-23.638274363088,-46.66221255635915,metropolitano,São Paulo,kml_86
vila_babilonia,Vila Babilonia,Sistema Metropolitano,Em andamento -  Sistema leve,Em andamento -  Sistema leve,Linha 17 - Ouro,,,em construção,Não,-23.6436639,-46.65756880000001,metropolitano,São Paulo,kml_86
cidade_leonor,Cidade Leonor,Sistema Metropolitano,Em andamento -  Sistema leve,Em andamento -  Sistema leve,Linha 17 - Ouro,,,em construção,Não,-23.6501280049329,-46.65186599286718,metropolitano,São Paulo,kml_86
hospital_saboya,Hospital Saboya,Sistema Metropolitano,Em andamento -  Sistema leve,Em andamento -  Sistema leve,Linha 17 - Ouro,,,em construção,Não,-23.65348383986883,-46.64478530271541,metropolitano,São Paulo,kml_86
jabaquara,Jabaquara,Sistema Metropolitano,Em andamento -  Sistema leve,Em andamento -  Sistema leve,Linha 17 - Ouro,,,em construção,Não,-23.64762845904022,-46.64082051392378,metropolitano,São Paulo,kml_86
estacao_agregada_0132,Estação agregada 132,Sistema Metropolitano,Em andamento - Subsistema primário,Em andamento - Subsistema primário,Linha 02 - Verde,Extensão até Cerro Corá,,em construção,,-23.5429209313397,-46.69522596002491,dados,São Paulo,kml_83
estacao_agregada_0133,Estação agregada 133,Sistema Metropolitano,Em andamento - Subsistema primário,Em andamento - Subsistema primário,Linha 02 - Verde,Extensão até Penha,,em construção,,-23.543565321445,-46.5404979600254,dados,São Paulo,kml_76
estacao_agregada_0134,Estação agregada 134,Sistema Metropolitano,Em andamento - Subsistema primário,Em andamento - Subsistema primário,Linha 02 - Verde,Extensão até Penha,,em construção,,-23.5593161633877,-46.54679688002539,dados,São Paulo,kml_33
estacao_agregada_0135,Estação agregada 135,Sistema Metropolitano,Em andamento - Subsistema primário,Em andamento - Subsistema primário,Linha 02 - Verde,Extensão até Penha,,em construção,,-23.5621111730003,-46.5561579600255,dados,São Paulo,kml_33
estacao_agregada_0136,Estação agregada 136,Sistema Metropolitano,Em andamento - Subsistema primário,Em andamento - Subsistema primário,Linha 02 - Verde,Extensão até Penha,,em construção,,-23.56982997449339,-46.5633259200255,dados,São Paulo,kml_71
estacao_agregada_0137,Estação agregada 137,Sistema Metropolitano,Em andamento - Subsistema primário,Em andamento - Subsistema primário,Linha 02 - Verde,Extensão até Penha,,em construção,,-23.5802761311205,-46.5791025600255,dados,São Paulo,kml_6
estacao_agregada_0138,Estação agregada 138,Sistema Metropolitano,Em andamento - Subsistema primário,Em andamento - Subsistema primário,Linha 02 - Verde,Extensão até Guarulhos,,em construção,,-23.4905712541398,-46.5489324000254,dados,São Paulo,
estacao_agregada_0139,Estação agregada 139,Sistema Metropolitano,Em andamento - Subsistema primário,Em andamento - Subsistema primário,Linha 02 - Verde,Extensão até Guarulhos,,em construção,,-23.4955832323626,-46.54950300002541,dados,São Paulo,
estacao_agregada_0140,Estação agregada 140,Sistema Metropolitano,Em andamento - Subsistema primário,Em andamento - Subsistema primário,Linha 02 - Verde,Extensão até Guarulhos,,em construção,,-23.5015063686937,-46.5562159200255,dados,São Paulo,
estacao_agregada_0141,Estação agregada 141,Sistema Metropolitano,Em andamento - Subsistema primário,Em andamento - Subsistema primário,Linha 02 - Verde,Extensão até Guarulhos,,em construção,,-23.5034997259688,-46.5582650400255,dados,São Paulo,
estacao_agregada_0142,Estação agregada 142,Sistema Metropolitano,Em andamento - Subsistema primário,Em andamento - Subsistema primário,Linha 02 - Verde,Extensão até Guarulhos,,em construção,,-23.5266416566491,-46.5440126400255,dados,São Paulo,kml_34
estacao_agregada_0143,Estação agregada 143,Sistema Metropolitano,Em andamento - Subsistema primário,Em andamento - Subsistema primário,Linha 02 - Verde,Extensão até Guarulhos,,em construção,,-23.5305711389832,-46.5431889600254,dados,São Paulo,kml_34
estacao_agregada_0148,Estação agregada 148,Sistema Metropolitano,Em andamento - Subsistema secundário,Em andamento - Subsistema secundário,Linha 06 - Laranja,,,em construção,,-23.46543358240953,-46.6998922907744,dados,São Paulo,kml_61
estacao_agregada_0149,Estação agregada 149,Sistema Metropolitano,Em andamento - Subsistema secundário,Em andamento - Subsistema secundário,Linha 06 - Laranja,,,em construção,,-23.4628341288371,-46.7020099439666,dados,São Paulo,kml_61
estacao_agregada_0150,Estação agregada 150,Sistema Metropolitano,Em andamento - Subsistema secundário,Em andamento - Subsistema secundário,Linha 06 - Laranja,,,em construção,,-23.4614065334468,-46.7047932599654,dados,São Paulo,kml_61
estacao_agregada_0151,Estação agregada 151,Sistema Metropolitano,Em andamento - Subsistema secundário,Em andamento - Subsistema secundário,Linha 06 - Laranja,,,em construção,,-23.4619535203198,-46.7084024614642,dados,São Paulo,kml_61
estacao_agregada_0152,Estação agregada 152,Sistema Metropolitano,Em andamento - Subsistema secundário,Em andamento - Subsistema secundário,Linha 06 - Laranja,,,em construção,,-23.4619829567521,-46.7113911773066,dados,São Paulo,kml_61
estacao_agregada_0153,Estação agregada 153,Sistema Metropolitano,Em andamento - Subsistema secundário,Em andamento - Subsistema secundário,Linha 06 - Laranja,,,em construção,,-23.4617923095724,-46.71468936414389,dados,São Paulo,kml_64
estacao_agregada_0154,Estação agregada 154,Sistema Metropolitano,Em andamento - Subsistema secundário,Em andamento - Subsistema secundário,Linha 06 - Laranja,,,em construção,,-23.46060032887731,-46.71748756605881,dados,São Paulo,kml_35
estacao_agregada_0155,Estação agregada 155,Sistema Metropolitano,Em andamento - Subsistema secundário,Em andamento - Subsistema secundário,Linha 06 - Laranja,,,em construção,,-23.5669795122831,-46.60078614366599,dados,São Paulo,kml_63
estacao_agregada_0156,Estação agregada 156,Sistema Metropolitano,Em andamento - Subsistema secundário,Em andamento - Subsistema secundário,Linha 06 - Laranja,,,em construção,,-23.56977953976,-46.60993522966089,dados,São Paulo,kml_41
estacao_agregada_0157,Estação agregada 157,Sistema Metropolitano,Em andamento - Subsistema secundário,Em andamento - Subsistema secundário,Linha 06 - Laranja,,,em construção,,-23.5650965596081,-46.6149363218266,dados,São Paulo,kml_9
estacao_agregada_0158,Estação agregada 158,Sistema Metropolitano,Em andamento - Subsistema secundário,Em andamento - Subsistema secundário,Linha 06 - Laranja,,,em construção,,-23.564069143096,-46.617794228622,dados,São Paulo,kml_9
estacao_agregada_0159,Estação agregada 159,Sistema Metropolitano,Em andamento - Subsistema secundário,Em andamento - Subsistema secundário,Linha 06 - Laranja,,,em construção,,-23.564250690981,-46.6245790152325,dados,São Paulo,kml_5
estacao_agregada_0160,Estação agregada 160,Sistema Metropolitano,Em andamento - Subsistema secundário,Em andamento - Subsistema secundário,Linha 06 - Laranja,,,em construção,,-23.565211422259,-46.6273970556866,dados,São Paulo,kml_5
estacao_agregada_0161,Estação agregada 161,Sistema Metropolitano,Em andamento - Subsistema secundário,Em andamento - Subsistema secundário,Linha 06 - Laranja,,,em construção,,-23.563803047618,-46.6345095682522,dados,São Paulo,kml_5
estacao_agregada_0162,Estação agregada 162,Sistema Metropolitano,Em andamento - Subsistema secundário,Em andamento - Subsistema secundário,Linha 06 - Laranja,,,em construção,,-23.4785909233083,-46.6998622946972,dados,São Paulo,kml_61
estacao_agregada_0163,Estação agregada 163,Sistema Metropolitano,Em andamento - Subsistema secundário,Em andamento - Subsistema secundário,Linha 06 - Laranja,,,em construção,,-23.4811503853347,-46.6989032973774,dados,São Paulo,kml_61
estacao_agregada_0164,Estação agregada 164,Sistema Metropolitano,Em andamento - Subsistema secundário,Em andamento - Subsistema secundário,Linha 06 - Laranja,,,em construção,,-23.4822376773207,-46.6961795338959,dados,São Paulo,kml_61
estacao_agregada_0165,Estação agregada 165,Sistema Metropolitano,Em andamento - Subsistema secundário,Em andamento - Subsistema secundário,Linha 06 - Laranja,,,em construção,,-23.4877071931436,-46.69223322405469,dados,São Paulo,kml_61
estacao_agregada_0166,Estação agregada 166,Sistema Metropolitano,Em andamento - Subsistema secundário,Em andamento - Subsistema secundário,Linha 06 - Laranja,,,em construção,,-23.4900804418715,-46.69073197371181,dados,São Paulo,kml_61
estacao_agregada_0167,Estação agregada 167,Sistema Metropolitano,Em andamento - Subsistema secundário,Em andamento - Subsistema secundário,Linha 06 - Laranja,,,em construção,,-23.4965836175135,-46.692674504482,dados,São Paulo,kml_61
estacao_agregada_0168,Estação agregada 168,Sistema Metropolitano,Em andamento - Subsistema secundário,Em andamento - Subsistema secundário,Linha 06 - Laranja,,,em construção,,-23.5048764969088,-46.69407453042909,dados,São Paulo,kml_61
estacao_agregada_0169,Estação agregada 169,Sistema Metropolitano,Em andamento - Subsistema secundário,Em andamento - Subsistema secundário,Linha 06 - Laranja,,,em construção,,-23.5081450093198,-46.69366499893899,dados,São Paulo,kml_61
estacao_agregada_0170,Estação agregada 170,Sistema Metropolitano,Em andamento - Subsistema secundário,Em andamento - Subsistema secundário,Linha 06 - Laranja,,,em construção,,-23.5108374735643,-46.69329380869309,dados,São Paulo,kml_77
estacao_agregada_0171,Estação agregada 171,Sistema Metropolitano,Em andamento - Subsistema secundário,Em andamento - Subsistema secundário,Linha 06 - Laranja,,,em construção,,-23.5180433778976,-46.6894676409737,dados,São Paulo,kml_77
estacao_agregada_0172,Estação agregada 172,Sistema Metropolitano,Em andamento - Subsistema secundário,Em andamento - Subsistema secundário,Linha 06 - Laranja,,,em construção,,-23.5248215787865,-46.6859091060993,dados,São Paulo,kml_45
estacao_agregada_0173,Estação agregada 173,Sistema Metropolitano,Em andamento - Subsistema secundário,Em andamento - Subsistema secundário,Linha 06 - Laranja,,,em construção,,-23.5289953108724,-46.6806186962676,dados,São Paulo,kml_83
estacao_agregada_0174,Estação agregada 174,Sistema Metropolitano,Em andamento - Subsistema secundário,Em andamento - Subsistema secundário,Linha 06 - Laranja,,,em construção,,-23.5340423276448,-46.6740738323992,dados,São Paulo,kml_83
estacao_agregada_0175,Estação agregada 175,Sistema Metropolitano,Em andamento - Subsistema secundário,Em andamento - Subsistema secundário,Linha 06 - Laranja,,,em construção,,-23.5363340338767,-46.67246045765449,dados,São Paulo,kml_83
estacao_agregada_0176,Estação agregada 176,Sistema Metropolitano,Em andamento - Subsistema secundário,Em andamento - Subsistema secundário,Linha 06 - Laranja,,,em construção,,-23.5408035180973,-46.6665582309034,dados,São Paulo,kml_83
estacao_agregada_0177,Estação agregada 177,Sistema Metropolitano,Em andamento - Subsistema secundário,Em andamento - Subsistema secundário,Linha 06 - Laranja,,,em construção,,-23.5434327392188,-46.665395420282,dados,São Paulo,kml_84
estacao_agregada_0178,Estação agregada 178,Sistema Metropolitano,Em andamento - Subsistema secundário,Em andamento - Subsistema secundário,Linha 06 - Laranja,,,em construção,,-23.5482191457482,-46.6571293852156,dados,São Paulo,kml_84
estacao_agregada_0179,Estação agregada 179,Sistema Metropolitano,Em andamento - Subsistema secundário,Em andamento - Subsistema secundário,Linha 06 - Laranja,,,em construção,,-23.5529863353312,-46.6515738278848,dados,São Paulo,kml_60
estacao_agregada_0180,Estação agregada 180,Sistema Metropolitano,Em andamento - Subsistema secundário,Em andamento - Subsistema secundário,Linha 06 - Laranja,,,em construção,,-23.5585127530179,-46.64891877308771,dados,São Paulo,kml_60
estacao_agregada_0181,Estação agregada 181,Sistema Metropolitano,Em andamento - Subsistema secundário,Em andamento - Subsistema secundário,Linha 06 - Laranja,,,em construção,,-23.5609890832227,-46.64769971552871,dados,São Paulo,kml_60
estacao_agregada_0182,Estação agregada 182,Sistema Metropolitano,Em andamento - Subsistema secundário,Em andamento - Subsistema secundário,Linha 04 - Amarela,Extensão Sudoeste,,em construção,,-23.5948789655412,-46.7380263600249,dados,São Paulo,kml_14
estacao_agregada_0183,Estação agregada 183,Sistema Metropolitano,Em andamento - Subsistema secundário,Em andamento - Subsistema secundário,Linha 04 - Amarela,Extensão Sudoeste,,em construção,,-23.5971955272033,-46.74017520002489,dados,São Paulo,kml_14
estacao_agregada_0184,Estação agregada 184,Sistema Metropolitano,Em andamento - Subsistema secundário,Em andamento - Subsistema secundário,Linha 04 - Amarela,Extensão Sudoeste,,em construção,,-23.6045579759979,-46.7456709600249,dados,São Paulo,kml_14
estacao_agregada_0185,Estação agregada 185,Sistema Metropolitano,Em andamento - Subsistema secundário,Em andamento - Subsistema secundário,Linha 04 - Amarela,Extensão Sudoeste,,em construção,,-23.6063177043339,-46.74832200002489,dados,São Paulo,kml_14
estacao_agregada_0186,Estação agregada 186,Sistema Metropolitano,Em andamento - Subsistema secundário,Em andamento - Subsistema secundário,Linha 04 - Amarela,Extensão Sudoeste,,em construção,,-23.6075469765982,-46.75180032002491,dados,São Paulo,kml_14
estacao_agregada_0187,Estação agregada 187,Sistema Metropolitano,Em andamento - Subsistema secundário,Em andamento - Subsistema secundário,Linha 04 - Amarela,Extensão Sudoeste,,em construção,,-23.6086202094414,-46.7570340000249,dados,São Paulo,
estacao_agregada_0361,Estação agregada 361,Sistema Metropolitano,Em andamento -  Sistema leve,Em andamento -  Sistema leve,Linha 15 - Prata,Extensão Leste,,em construção,,-23.5985904926352,-46.4649282000249,dados,São Paulo,kml_54
estacao_agregada_0362,Estação agregada 362,Sistema Metropolitano,Em andamento -  Sistema leve,Em andamento -  Sistema leve,Linha 15 - Prata,Extensão Leste,,em construção,,-23.5981705367377,-46.4618520000249,dados,São Paulo,kml_54
estacao_agregada_0363,Estação agregada 363,Sistema Metropolitano,Em andamento -  Sistema leve,Em andamento -  Sistema leve,Linha 15 - Prata,Extensão Leste,,em construção,,-23.5958165485254,-46.4521161600249,dados,São Paulo,kml_16
estacao_agregada_0364,Estação agregada 364,Sistema Metropolitano,Em andamento -  Sistema leve,Em andamento -  Sistema leve,Linha 15 - Prata,Extensão Leste,,em construção,,-23.5946061357862,-46.44855864002491,dados,São Paulo,kml_16
estacao_agregada_0365,Estação agregada 365,Sistema Metropolitano,Em andamento -  Sistema leve,Em andamento -  Sistema leve,Linha 15 - Prata,Extensão Leste,,em construção,,-23.5947512928388,-46.4414126400249,dados,São Paulo,kml_16
estacao_agregada_0366,Estação agregada 366,Sistema Metropolitano,Em andamento -  Sistema leve,Em andamento -  Sistema leve,Linha 15 - Prata,Extensão Leste,,em construção,,-23.5961581599821,-46.43604324002491,dados,São Paulo,kml_16
estacao_agregada_0367,Estação agregada 367,Sistema Metropolitano,Em andamento -  Sistema leve,Em andamento -  Sistema leve,Linha 15 - Prata,Extensão Leste,,em construção,,-23.5951245784395,-46.4329551600249,dados,São Paulo,kml_16
estacao_agregada_0368,Estação agregada 368,Sistema Metropolitano,Em andamento -  Sistema leve,Em andamento -  Sistema leve,Linha 15 - Prata,Extensão Leste,,em construção,,-23.5941518562933,-46.4200714800249,dados,São Paulo,kml_16
estacao_agregada_0369,Estação agregada 369,Sistema Metropolitano,Em andamento -  Sistema leve,Em andamento -  Sistema leve,Linha 15 - Prata,Extensão Leste,,em construção,,-23.5918175906343,-46.4173934400249,dados,São Paulo,kml_2
estacao_agregada_0370,Estação agregada 370,Sistema Metropolitano,Em andamento -  Sistema leve,Em andamento -  Sistema leve,Linha 15 - Prata,Extensão Leste,,em construção,,-23.5884108837494,-46.4151906000249,dados,São Paulo,kml_2
estacao_agregada_0371,Estação agregada 371,Sistema Metropolitano,Em andamento -  Sistema leve,Em andamento -  Sistema leve,Linha 15 - Prata,Extensão Leste,,em construção,,-23.5806845961246,-46.4112194400249,dados,São Paulo,kml_2
estacao_agregada_0372,Estação agregada 372,Sistema Metropolitano,Em andamento -  Sistema leve,Em andamento -  Sistema leve,Linha 15 - Prata,Extensão Leste,,em construção,,-23.5866306248213,-46.4092941600249,dados,São Paulo,kml_2
estacao_agregada_0373,Estação agregada 373,Sistema Metropolitano,Em andamento -  Sistema leve,Em andamento -  Sistema leve,Linha 15 - Prata,Extensão Leste,,em construção,,-23.5913870558616,-46.4074682400249,dados,São Paulo,kml_2
estacao_agregada_0374,Estação agregada 374,Sistema Metropolitano,Em andamento -  Sistema leve,Em andamento -  Sistema leve,Linha 15 - Prata,Extensão Oeste,,em construção,,-23.5857879963918,-46.59525504002491,dados,São Paulo,kml_41
estacao_agregada_0375,Estação agregada 375,Sistema Metropolitano,Em andamento -  Sistema leve,Em andamento -  Sistema leve,Linha 15 - Prata,Extensão Oeste,,em construção,,-23.587183742276,-46.5926871600249,dados,São Paulo,kml_6
estacao_agregada_0376,Estação agregada 376,Sistema Metropolitano,Em andamento -  Sistema leve,Em andamento -  Sistema leve,Linha 17 - Ouro,,,em construção,,-23.6267915919572,-46.67573232002491,dados,São Paulo,kml_85
estacao_agregada_0377,Estação agregada 377,Sistema Metropolitano,Em andamento -  Sistema leve,Em andamento -  Sistema leve,Linha 17 - Ouro,,,em construção,,-23.6172748588395,-46.6851420000249,dados,São Paulo,kml_57
estacao_agregada_0378,Estação agregada 378,Sistema Metropolitano,Em andamento -  Sistema leve,Em andamento -  Sistema leve,Linha 17 - Ouro,,,em construção,,-23.6148179695842,-46.6913026800249,dados,São Paulo,kml_57
estacao_agregada_0379,Estação agregada 379,Sistema Metropolitano,Em andamento -  Sistema leve,Em andamento -  Sistema leve,Linha 17 - Ouro,,,em construção,,-23.6139636467591,-46.6988972400249,dados,São Paulo,kml_57
estacao_agregada_0380,Estação agregada 380,Sistema Metropolitano,Em andamento -  Sistema leve,Em andamento -  Sistema leve,Linha 17 - Ouro,,,em construção,,-23.616768212694,-46.6998681600249,dados,São Paulo,kml_57
estacao_agregada_0381,Estação agregada 381,Sistema Metropolitano,Em andamento -  Sistema leve,Em andamento -  Sistema leve,Linha 17 - Ouro,,,em construção,,-23.6293721028863,-46.6672568400249,dados,São Paulo,kml_85
estacao_agregada_0382,Estação agregada 382,Sistema Metropolitano,Em andamento -  Sistema leve,Em andamento -  Sistema leve,Linha 17 - Ouro,,,em construção,,-23.6241064741451,-46.7062311600249,dados,São Paulo,kml_74
estacao_agregada_0383,Estação agregada 383,Sistema Metropolitano,Em andamento -  Sistema leve,Em andamento -  Sistema leve,Linha 17 - Ouro,,,em construção,,-23.6253083688393,-46.70940132002491,dados,São Paulo,kml_74
estacao_agregada_0384,Estação agregada 384,Sistema Metropolitano,Em andamento -  Sistema leve,Em andamento -  Sistema leve,Linha 17 - Ouro,,,em construção,,-23.6253040810897,-46.7176143600249,dados,São Paulo,kml_38
estacao_agregada_0385,Estação agregada 385,Sistema Metropolitano,Em andamento -  Sistema leve,Em andamento -  Sistema leve,Linha 17 - Ouro,,,em construção,,-23.6246426115738,-46.7211308400249,dados,São Paulo,kml_38
estacao_agregada_0386,Estação agregada 386,Sistema Metropolitano,Em andamento -  Sistema leve,Em andamento -  Sistema leve,Linha 17 - Ouro,,,em construção,,-23.6225981532631,-46.7232915600249,dados,São Paulo,kml_38
estacao_agregada_0387,Estação agregada 387,Sistema Metropolitano,Em andamento -  Sistema leve,Em andamento -  Sistema leve,Linha 17 - Ouro,,,em construção,,-23.617442915836,-46.7210152800249,dados,São Paulo,kml_38
estacao_agregada_0388,Estação agregada 388,Sistema Metropolitano,Em andamento -  Sistema leve,Em andamento -  Sistema leve,Linha 17 - Ouro,,,em construção,,-23.6094000171899,-46.7198384400249,dados,São Paulo,kml_24
estacao_agregada_0389,Estação agregada 389,Sistema Metropolitano,Em andamento -  Sistema leve,Em andamento -  Sistema leve,Linha 17 - Ouro,,,em construção,,-23.6065128250671,-46.7194395600249,dados,São Paulo,kml_24
estacao_agregada_0390,Estação agregada 390,Sistema Metropolitano,Em andamento -  Sistema leve,Em andamento -  Sistema leve,Linha 17 - Ouro,,,em construção,,-23.6020637362776,-46.7185071600249,dados,São Paulo,kml_24
estacao_agregada_0391,Estação agregada 391,Sistema Metropolitano,Em andamento -  Sistema leve,Em andamento -  Sistema leve,Linha 17 - Ouro,,,em construção,,-23.5937785679246,-46.7209893600249,dados,São Paulo,kml_24
estacao_agregada_0392,Estação agregada 392,Sistema Metropolitano,Em andamento -  Sistema leve,Em andamento -  Sistema leve,Linha 17 - Ouro,,,em construção,,-23.5907493339432,-46.7219156400249,dados,São Paulo,kml_24
estacao_agregada_0393,Estação agregada 393,Sistema Metropolitano,Em andamento -  Sistema leve,Em andamento -  Sistema leve,Linha 17 - Ouro,,,em construção,,-23.6497718173786,-46.64277144002491,dados,São Paulo,kml_86
estacao_agregada_0394,Estação agregada 394,Sistema Metropolitano,Em andamento -  Sistema leve,Em andamento -  Sistema leve,Linha 17 - Ouro,,,em construção,,-23.6537355357437,-46.6478056800249,dados,São Paulo,kml_86
estacao_agregada_0395,Estação agregada 395,Sistema Metropolitano,Em andamento -  Sistema leve,Em andamento -  Sistema leve,Linha 17 - Ouro,,,em construção,,-23.6476123317603,-46.6539631200249,dados,São Paulo,kml_86
estacao_agregada_0396,Estação agregada 396,Sistema Metropolitano,Em andamento -  Sistema leve,Em andamento -  Sistema leve,Linha 17 - Ouro,,,em construção,,-23.6412296290643,-46.6599276000249,dados,São Paulo,kml_86
estacao_agregada_0397,Estação agregada 397,Sistema Metropolitano,Em andamento -  Sistema leve,Em andamento -  Sistema leve,Linha 17 - Ouro,,,em construção,,-23.63671114233,-46.66492440002489,dados,São Paulo,kml_85
estacao_agregada_1927,Estação agregada 1927,Sistema Suplementar,,nan,,,,em construção,,-23.59572295607,-46.46575457261692,dados,São Paulo,kml_54
estacao_agregada_1928,Estação agregada 1928,Sistema Suplementar,,nan,,,,em construção,,-23.59303587682835,-46.46736940470264,dados,São Paulo,kml_54
estacao_agregada_1929,Estação agregada 1929,Sistema Suplementar,,nan,,,,em construção,,-23.59272894813985,-46.47316499575118,dados,São Paulo,kml_54
estacao_agregada_1930,Estação agregada 1930,Sistema Suplementar,,nan,,,,em construção,,-23.5914038836755,-46.47598949257657,dados,São Paulo,kml_54
estacao_agregada_1931,Estação agregada 1931,Sistema Suplementar,,nan,,,,em construção,,-23.59011216804172,-46.47875340395385,dados,São Paulo,kml_54
estacao_agregada_1932,Estação agregada 1932,Sistema Suplementar,,nan,,,,em construção,,-23.58791647650463,-46.48153722102344,dados,São Paulo,kml_54
estacao_agregada_1933,Estação agregada 1933,Sistema Suplementar,,nan,,,,em construção,,-23.58695184141704,-46.48561411638114,dados,São Paulo,kml_54
estacao_agregada_1934,Estação agregada 1934,Sistema Suplementar,,nan,,,,em construção,,-23.58494981080472,-46.48872680061007,dados,São Paulo,kml_54
estacao_agregada_1935,Estação agregada 1935,Sistema Suplementar,,nan,,,,em construção,,-23.57991354130672,-46.49302341257562,dados,São Paulo,kml_54
estacao_agregada_1936,Estação agregada 1936,Sistema Suplementar,,nan,,,,em construção,,-23.57869337684287,-46.49613008955497,dados,São Paulo,kml_54
estacao_agregada_1937,Estação agregada 1937,Sistema Suplementar,,nan,,,,em construção,,-23.57790879787597,-46.49979388421812,dados,São Paulo,kml_54
estacao_agregada_1938,Estação agregada 1938,Sistema Suplementar,,nan,,,,em construção,,-23.5600076643535,-46.51280100015319,dados,São Paulo,kml_55
estacao_agregada_1939,Estação agregada 1939,Sistema Suplementar,,nan,,,,em construção,,-23.55368301166506,-46.51820222556131,dados,São Paulo,kml_76
estacao_agregada_1940,Estação agregada 1940,Sistema Suplementar,,nan,,,,em construção,,-23.54866181292814,-46.52515215342652,dados,São Paulo,kml_76
estacao_agregada_1941,Estação agregada 1941,Sistema Suplementar,,nan,,,,em construção,,-23.54688305678162,-46.52739998746616,dados,São Paulo,kml_76
estacao_agregada_1942,Estação agregada 1942,Sistema Suplementar,,nan,,,,em construção,,-23.54473382962108,-46.5294637919867,dados,São Paulo,kml_76
estacao_agregada_1943,Estação agregada 1943,Sistema Suplementar,,nan,,,,em construção,,-23.54338635379242,-46.53217362507386,dados,São Paulo,kml_76
estacao_agregada_1944,Estação agregada 1944,Sistema Suplementar,,nan,,,,em construção,,-23.54189907328381,-46.53472541143639,dados,São Paulo,kml_76
estacao_agregada_1945,Estação agregada 1945,Sistema Suplementar,,nan,,,,em construção,,-23.53855150555909,-46.54565168189946,dados,São Paulo,kml_76
estacao_agregada_1946,Estação agregada 1946,Sistema Suplementar,,nan,,,,em construção,,-23.54994821453353,-46.605968750425,dados,São Paulo,kml_63
estacao_agregada_1947,Estação agregada 1947,Sistema Suplementar,,nan,,,,em construção,,-23.55286387832282,-46.61522278374381,dados,São Paulo,kml_88
estacao_agregada_1948,Estação agregada 1948,Sistema Suplementar,,nan,,,,em construção,,-23.55252589112855,-46.61854727706532,dados,São Paulo,kml_88
estacao_agregada_1949,Estação agregada 1949,Sistema Suplementar,,nan,,,,em construção,,-23.55207419502818,-46.62242782013256,dados,São Paulo,kml_88
estacao_agregada_1950,Estação agregada 1950,Sistema Suplementar,,nan,,,,em construção,,-23.55413411644014,-46.4869652321957,dados,São Paulo,kml_36
estacao_agregada_1951,Estação agregada 1951,Sistema Suplementar,,nan,,,,em construção,,-23.55474683993506,-46.48387120080692,dados,São Paulo,kml_36
estacao_agregada_1952,Estação agregada 1952,Sistema Suplementar,,nan,,,,em construção,,-23.55464853942366,-46.48034857752845,dados,São Paulo,kml_36
estacao_agregada_1953,Estação agregada 1953,Sistema Suplementar,,nan,,,,em construção,,-23.55644910972041,-46.47752766814516,dados,São Paulo,kml_36
estacao_agregada_1954,Estação agregada 1954,Sistema Suplementar,,nan,,,,em construção,,-23.55704023944919,-46.47342678445187,dados,São Paulo,kml_36
estacao_agregada_1955,Estação agregada 1955,Sistema Suplementar,,nan,,,,em construção,,-23.55651719485854,-46.47026288117184,dados,São Paulo,kml_36
estacao_agregada_1956,Estação agregada 1956,Sistema Suplementar,,nan,,,,em construção,,-23.55097584816018,-46.46339613910465,dados,São Paulo,kml_36
estacao_agregada_1957,Estação agregada 1957,Sistema Suplementar,,nan,,,,em construção,,-23.54596290551468,-46.4610111111993,dados,São Paulo,kml_18
estacao_agregada_1958,Estação agregada 1958,Sistema Suplementar,,nan,,,,em construção,,-23.54454744448418,-46.46361783120012,dados,São Paulo,kml_18
estacao_agregada_1959,Estação agregada 1959,Sistema Suplementar,,nan,,,,em construção,,-23.54469973433456,-46.46673673373153,dados,São Paulo,kml_18
